{"MAE": 2082.604832559267, "RMSE": 4397.107740010626, "R2": 0.8947813963138819}